student_id,name,gender,age,semester,science_marks,english_marks,math_marks,attendance_percent
S1000,Student_0,Female,21,1,63.55,74.06,42.3,69.51
S1001,Student_1,Male,20,2,93.28,59.61,87.81,76.5
S1002,Student_2,Male,22,4,52.62,98.94,73.09,78.77
S1003,Student_3,Female,21,5,58.16,78.97,41.65,77.19
S1004,Student_4,Female,21,6,59.72,81.3,45.97,79.81
S1005,Student_5,Male,17,7,40.47,80.49,68.6,92.56
S1006,Student_6,Female,17,8,49.17,91.25,40.23,70.65
S1007,Student_7,Male,20,9,87.97,52.77,60.75,79.22
S1008,Student_8,Female,18,9,49.71,90.87,61.09,84.23
S1009,Student_9,Female,17,5,78.7,45.31,75.19,88.79
S1010,Student_10,Male,17,4,93.92,61.06,74.95,74.64
S1011,Student_11,Female,19,3,78.14,97.14,52.65,87.7
S1012,Student_12,Female,18,2,71.95,51.19,78.31,97.34
S1013,Student_13,Male,19,4,58.02,70.33,43.39,70.1
S1014,Student_14,Male,21,5,73.1,43.65,62.85,51.56
S1015,Student_15,Male,19,5,76.48,47.27,49.35,95.84
S1016,Student_16,Female,18,1,65.03,78.36,80.34,56.14
S1017,Student_17,Female,22,2,88.76,50.6,41.04,62.8
S1018,Student_18,Female,17,4,44.72,99.67,62.2,71.07
S1019,Student_19,Male,17,5,89.18,69.5,87.1,81.86
S1020,Student_20,Male,17,6,51.55,96.69,46.4,60.28
S1021,Student_21,Female,19,7,92.13,64.81,53.63,60.83
S1022,Student_22,Female,17,8,75.36,45.86,54.64,91.7
S1023,Student_23,Female,21,9,52.23,60.82,50.18,60.18
S1024,Student_24,Female,17,9,52.26,65.49,61.45,56.95
S1025,Student_25,Female,22,5,57.13,43.61,83.56,90.01
S1026,Student_26,Male,20,4,84.23,77.19,58.77,93.23
S1027,Student_27,Female,20,3,56.01,98.81,54.16,57.73
S1028,Student_28,Female,18,2,64.21,43.55,65.89,94.48
S1029,Student_29,Female,19,4,83.94,50.3,67.22,73.47
S1030,Student_30,Male,17,5,77.78,83.58,97.68,58.34
S1031,Student_31,Female,21,5,93.24,79.97,68.42,71.13
S1032,Student_32,Female,22,1,61.44,97.77,73.66,87.4
S1033,Student_33,Female,19,2,50.84,74.18,71.95,62.84
S1034,Student_34,Female,19,4,78.88,44.29,65.28,92.9
S1035,Student_35,Female,20,5,55.04,80.97,58.5,93.56
S1036,Student_36,Female,19,6,96.9,45.52,63.86,73.48
S1037,Student_37,Male,22,7,83.88,44.22,86.9,76.58
S1038,Student_38,Female,19,8,91.98,52.42,51.74,83.37
S1039,Student_39,Female,22,9,68.41,68.71,40.51,64.84
S1040,Student_40,Male,18,9,92.49,49.88,42.03,61.61
S1041,Student_41,Female,17,5,89.46,80.06,91.85,52.23
S1042,Student_42,Female,19,4,91.76,67.24,81.82,91.59
S1043,Student_43,Male,22,3,95.5,81.27,57.16,58.5
S1044,Student_44,Male,18,2,79.91,48.86,51.57,64.48
S1045,Student_45,Female,17,4,60.79,83.41,97.89,58.24
S1046,Student_46,Male,19,5,75.93,43.81,52.78,87.17
S1047,Student_47,Female,17,5,96.89,47.28,42.48,84.86
S1048,Student_48,Female,22,,74.19,89.93,68.79,66.89
S1049,Student_49,Male,17,,86.32,43.4,62.04,84.71
S1050,Student_50,Female,18,,56.12,45.56,90.09,68.99
S1051,Student_51,Male,19,,51.9,98.52,66.16,77.11
S1052,Student_52,Male,22,,77.59,73.96,76.9,64.09
S1053,Student_53,Male,22,,76.54,68.92,68.45,74.87
S1054,Student_54,Male,17,,83.82,89.31,79.53,94.69
S1055,Student_55,Male,22,,58.17,51.19,84.97,75.76
S1056,Student_56,Female,22,,78.72,90.74,56.01,75.15
S1057,Student_57,Female,20,,85.96,95.45,87.65,82.59
S1058,Student_58,Male,17,,43.5,49.59,91.36,93.29
S1059,Student_59,Female,21,,46.42,92.74,66.62,94.22
S1060,Student_60,Male,20,,81.98,79.76,54.72,98.06
S1061,Student_61,Female,18,,91.08,87.09,51.03,66.9
S1062,Student_62,Female,19,,51.19,51.42,71.8,94.14
S1063,Student_63,Male,17,,56,41.49,81.25,56.62
S1064,Student_64,Female,18,,59.1,86.39,77.29,78.82
S1065,Student_65,Male,19,,46.65,40.66,91.78,67.58
S1066,Student_66,Female,19,,48.51,81.83,52.3,64.34
S1067,Student_67,Male,20,,56.96,46.09,62.58,69.27
S1068,Student_68,Female,17,,85.13,74.12,40.82,63.14
S1069,Student_69,Male,17,,64.69,55.92,78.37,64.59
S1070,Student_70,Female,19,,83,45.65,48.33,95.71
S1071,Student_71,Female,22,,58.99,92.06,98.23,65.45
S1072,Student_72,Male,20,,45.32,97.3,47.98,96.24
S1073,Student_73,Male,20,,49.45,62.41,75.18,91
S1074,Student_74,Male,20,,47.88,75.88,66.96,94.42
S1075,Student_75,Male,21,,79.48,55.28,42.94,95.96
S1076,Student_76,Female,19,,43.36,47.22,79.54,69.44
S1077,Student_77,Female,19,,91.09,77.73,53,86.86
S1078,Student_78,Male,22,,57.59,72.83,75.91,52.79
S1079,Student_79,Female,20,,97.01,84.67,65.31,80.9
S1080,Student_80,Female,21,,68.86,65.36,49.07,76.62
S1081,Student_81,Male,20,,47.37,90.43,61.58,73.02
S1082,Student_82,Female,22,,70.45,46.45,76.88,81.75
S1083,Student_83,Female,20,,50.5,78.62,68.4,80.03
S1084,Student_84,Female,19,,56.31,57.75,78.08,50.06
S1085,Student_85,Female,21,,52.98,71.94,51.74,57.2
S1086,Student_86,Male,19,,60.62,49.85,95.96,93.52
S1087,Student_87,Male,19,,42.85,41,40.14,77.92
S1088,Student_88,Female,18,,55.7,68.44,48.38,70.73
S1089,Student_89,Male,22,,58.63,54.7,47.66,74.07
S1090,Student_90,Female,17,,48.12,70.89,96.79,88.4
S1091,Student_91,Male,17,,75.67,64.15,90.98,51.72
S1092,Student_92,Male,18,,55.6,77.75,90.31,68.53
S1093,Student_93,Male,19,,74.84,55.09,72.81,72.33
S1094,Student_94,Male,22,,42.2,96.03,92.01,79.14
S1095,Student_95,Female,21,,55.63,45.19,51.01,61.28
S1096,Student_96,Female,19,,64.95,82.88,51.53,83.02
S1097,Student_97,Female,22,,89.16,95.93,99.34,58.2
S1098,Student_98,Male,20,,78.5,90.19,78.69,55.59
S1099,Student_99,Female,20,,89.8,40.09,98.03,86.42
S1100,Student_100,Male,18,,86.08,96.33,98.71,90.57
S1101,Student_101,Female,17,,79.68,80.48,76.27,60.97
S1102,Student_102,Male,19,,56.06,50.23,76.58,94.86
S1103,Student_103,Male,17,,90.64,44.51,92.67,60.69
S1104,Student_104,Male,20,,72.14,70.33,85.39,64
S1105,Student_105,Male,17,,93.11,95.74,78.02,86.81
S1106,Student_106,Male,21,,78.07,72.3,97.18,78.71
S1107,Student_107,Male,19,,79.75,85.37,64.85,76.5
S1108,Student_108,Female,20,,72.88,67.43,69.21,79.49
S1109,Student_109,Female,22,,71.08,97.26,88.9,53.93
S1110,Student_110,Female,20,,83.07,45.81,93.3,84.26
S1111,Student_111,Male,17,,98.33,90.39,65.46,71.18
S1112,Student_112,Male,20,,58.31,80.09,46.99,63.62
S1113,Student_113,Female,19,,83.72,79.71,88.9,87.67
S1114,Student_114,Female,17,,78.76,61.06,46.23,53.68
S1115,Student_115,Female,19,,91.78,94.45,94.34,51.17
S1116,Student_116,Male,18,,77.55,61.47,63.12,68.7
S1117,Student_117,Male,22,,99.41,46.35,45.33,84.22
S1118,Student_118,Male,21,,73.97,83.09,63.54,94.24
S1119,Student_119,Female,21,,43.04,60.77,56.63,60.8
S1120,Student_120,Female,19,,63.52,90.5,58.3,59.29
S1121,Student_121,Male,21,,44.21,99.81,77.26,98.35
S1122,Student_122,Female,20,,75.38,82.82,84.41,54.04
S1123,Student_123,Female,18,,79.72,63.58,69.35,59
S1124,Student_124,Female,17,,79.8,70.6,66.71,75.36
S1125,Student_125,Female,17,,51.36,87.51,70.91,92.97
S1126,Student_126,Male,19,,94.55,53.01,62.77,56.25
S1127,Student_127,Female,18,,53.49,52.59,45.91,87.21
S1128,Student_128,Male,21,,55.87,87.23,61.04,62.32
S1129,Student_129,Female,17,,57.39,64,49.79,73.12
S1130,Student_130,Male,19,,71.19,55.02,72.83,98.02
S1131,Student_131,Female,20,,68.44,96.2,73.59,80.47
S1132,Student_132,Male,17,,50.17,46.78,93.89,91.8
S1133,Student_133,Female,19,,99.13,59.34,66.08,73.24
S1134,Student_134,Male,22,,70.59,53.78,69.56,79.45
S1135,Student_135,Female,20,,65.27,78.42,82.05,59.61
S1136,Student_136,Male,17,,89.24,82.24,61.91,57.04
S1137,Student_137,Male,19,,47.67,78.39,76.41,58.41
S1138,Student_138,Female,22,,56.4,79.78,47.94,81.58
S1139,Student_139,Male,20,,81,86.47,52.87,73.93
S1140,Student_140,Male,19,,87.9,55.18,53.85,55.86
S1141,Student_141,Male,19,,86.71,82.25,40.51,92.79
S1142,Student_142,Male,18,,87.56,68.06,51.37,91.03
S1143,Student_143,Female,21,,72.58,70.97,52.42,87.95
S1144,Student_144,Female,21,,52.36,86.95,44.5,80.26
S1145,Student_145,Female,17,,43.11,43.67,78.2,75.07
S1146,Student_146,Female,19,,66.54,65.59,83.21,61.82
S1147,Student_147,Female,21,,40.32,64.31,61.34,90.15
S1148,Student_148,Female,18,,98.91,59.98,96.6,98.43
S1149,Student_149,Female,17,,56.3,62.84,53.89,52.68
S1150,Student_150,Male,20,,63.68,51.9,63.47,57.15
S1151,Student_151,Female,18,,68.59,51.83,77.02,75.32
S1152,Student_152,Male,21,,53.8,45.02,46.99,64.64
S1153,Student_153,Male,21,,45.43,55.59,54.34,85.44
S1154,Student_154,Female,18,,79.02,73.77,49.14,64.72
S1155,Student_155,Male,17,,68.85,81.71,88.23,67.95
S1156,Student_156,Male,22,,48.56,91.29,67.08,98.64
S1157,Student_157,Female,21,,49.15,54.07,82.79,68.22
S1158,Student_158,Female,18,,41.59,98.57,53.98,70.11
S1159,Student_159,Male,21,,84.01,94.96,67.07,73.4
S1160,Student_160,Female,17,,61.27,85.09,89.55,83.18
S1161,Student_161,Male,22,,61.59,58.72,99.74,63.6
S1162,Student_162,Male,21,,51.68,53.46,72.34,55.26
S1163,Student_163,Male,19,,40.76,70.29,79.76,97.9
S1164,Student_164,Female,22,,94.33,44.78,80.87,63.82
S1165,Student_165,Male,18,,67.17,92.03,98.89,80.45
S1166,Student_166,Female,19,,61.26,99.09,43.65,53.98
S1167,Student_167,Male,22,,57.64,58.52,85.14,97.71
S1168,Student_168,Male,21,,86.27,49.11,65.89,68.91
S1169,Student_169,Male,21,,49.55,77.97,45.52,83.39
S1170,Student_170,Female,17,,98.7,65.47,60.83,92.81
S1171,Student_171,Female,22,,65.47,93.98,83.67,64.43
S1172,Student_172,Male,22,,72.71,66.63,48.01,53.13
S1173,Student_173,Female,22,,57.05,65.74,90.19,58.14
S1174,Student_174,Male,17,,95.01,51.55,53.42,72.26
S1175,Student_175,Male,17,,45.26,56.3,51.61,58.34
S1176,Student_176,Female,20,,42.95,70.86,98.66,89.24
S1177,Student_177,Male,22,,52.06,98.56,94.89,63.34
S1178,Student_178,Male,17,,50.15,95.21,89.73,85.61
S1179,Student_179,Female,22,,78.28,91.24,98.41,87.47
S1180,Student_180,Female,22,,67.66,70.89,42.06,93.85
S1181,Student_181,Male,19,,69.56,44.43,78.28,58.17
S1182,Student_182,Male,21,,55.16,62.51,52.62,94.35
S1183,Student_183,Male,17,,86.68,92.99,90.7,87.66
S1184,Student_184,Female,17,,62.87,68.12,57.74,71.99
S1185,Student_185,Female,18,,88.6,68.84,90.6,70.21
S1186,Student_186,Female,20,,50.47,75.03,85.25,98.11
S1187,Student_187,Male,22,,47.75,64.74,97.05,59.52
S1188,Student_188,Female,22,,59.96,98.29,82.29,81.89
S1189,Student_189,Male,18,,90.86,90.5,96.67,51.85
S1190,Student_190,Female,18,,46.59,61.47,46.98,93.14
S1191,Student_191,Male,22,,67.46,54.54,96.68,56.99
S1192,Student_192,Female,18,,68,48.76,59.52,72.87
S1193,Student_193,Male,19,,43.1,50.54,70.03,75.83
S1194,Student_194,Female,18,,46.52,87.03,60.38,97.4
S1195,Student_195,Female,17,,44.53,95.72,90.81,76.11
S1196,Student_196,Female,20,,75.58,74.27,94.98,85.63
S1197,Student_197,Male,19,,81.72,90.32,79.38,63.69
S1198,Student_198,Female,19,,57.72,88.67,66.56,96.14
S1199,Student_199,Male,20,,44.25,76.35,94.01,69.99
S1200,Student_200,Male,22,,84.25,75.43,66.06,88.33
S1201,Student_201,Male,21,,92.88,94.98,64.61,86.74
S1202,Student_202,Male,22,,52.8,98.37,65.52,84.41
S1203,Student_203,Female,21,,93.5,50.38,62.41,69.03
S1204,Student_204,Female,21,,45.82,69.76,48.89,60.14
S1205,Student_205,Male,19,,73.83,96.92,90.36,85.64
S1206,Student_206,Female,21,,85.78,47.35,52.77,79.23
S1207,Student_207,Female,18,,64.07,85,89.41,91.25
S1208,Student_208,Female,17,,92.81,67.66,78.73,88.32
S1209,Student_209,Female,20,,44.79,80.31,50.25,83.07
S1210,Student_210,Male,22,,93.11,52.82,73.86,81.65
S1211,Student_211,Female,21,,53.99,62.35,63.38,79.31
S1212,Student_212,Female,21,,88.48,80.43,57,97.63
S1213,Student_213,Male,19,,44.97,94.55,51.23,75.54
S1214,Student_214,Male,22,,79.67,91.19,78.67,56.72
S1215,Student_215,Male,20,,68.94,68.97,89.96,76.17
S1216,Student_216,Female,18,,41.98,69.92,90.11,80.78
S1217,Student_217,Female,21,,79.29,42.89,44.73,70.9
S1218,Student_218,Female,20,,79.1,54.89,42.35,63.77
S1219,Student_219,Female,20,,86.31,91.71,62.29,72.63
S1220,Student_220,Female,21,,89.73,48.85,65.03,84.98
S1221,Student_221,Female,22,,52.76,65.03,99.91,80.29
S1222,Student_222,Female,17,,58.54,69.25,52.77,76.73
S1223,Student_223,Male,20,,71.33,75.06,97.96,81.27
S1224,Student_224,Female,21,,61.44,89.67,47.34,70.38
S1225,Student_225,Female,21,,41.63,48.89,58.19,69.23
S1226,Student_226,Female,19,,79.28,91.65,74.55,83.7
S1227,Student_227,Female,22,,65.48,59.58,68.93,64.19
S1228,Student_228,Female,19,,50.43,62.82,75.55,70.21
S1229,Student_229,Female,18,,59.97,90.37,60.16,99.81
S1230,Student_230,Male,22,,98.56,56.29,54.27,70.52
S1231,Student_231,Male,21,,99.37,88.32,72.98,70.98
S1232,Student_232,Female,17,,78.09,71.32,92.99,77.13
S1233,Student_233,Male,17,,80.75,76.11,80.62,77.02
S1234,Student_234,Male,18,,76.87,65.66,74.61,87.12
S1235,Student_235,Male,19,,50.63,54.21,98.21,69.69
S1236,Student_236,Female,19,,44.32,65.26,41.18,88.37
S1237,Student_237,Male,20,,70.53,50.71,52.21,81.31
S1238,Student_238,Male,20,,89.42,83.68,42.41,97.69
S1239,Student_239,Male,20,,95.24,69.24,84.58,77.9
S1240,Student_240,Male,22,,82.57,55.62,99.87,83.28
S1241,Student_241,Male,21,,73.96,42.54,98.97,77.33
S1242,Student_242,Male,20,,48.27,84.3,48.02,98.22
S1243,Student_243,Female,18,,61.17,77.22,85.7,75.61
S1244,Student_244,Male,17,,82.76,54.83,65.38,70.24
S1245,Student_245,Female,17,,52.9,45.34,93.45,78.46
S1246,Student_246,Female,17,,89.64,65.78,58.04,68.02
S1247,Student_247,Female,22,,45.88,98.72,45.21,78.31
S1248,Student_248,Female,20,,87.75,46.46,93.13,94.89
S1249,Student_249,Female,20,,51.91,94.58,60.02,69.6
S1250,Student_250,Female,22,,91.85,57.08,95.38,64.5
S1251,Student_251,Male,21,,50.73,50.95,94.4,57.35
S1252,Student_252,Female,19,,90.85,72.08,71.04,77.07
S1253,Student_253,Male,17,,84.6,90.43,88.74,51.65
S1254,Student_254,Male,21,,44.57,76.19,66.78,85.64
S1255,Student_255,Female,22,,65.88,97.06,90.55,67.82
S1256,Student_256,Female,21,,61.22,68.66,72.71,75.85
S1257,Student_257,Female,19,,53.33,83.63,75.84,63.5
S1258,Student_258,Female,20,,83.61,87.32,59.19,64.54
S1259,Student_259,Male,22,,86.03,93.44,66.54,97.97
S1260,Student_260,Female,19,,46.87,95.88,45.19,58.12
S1261,Student_261,Male,19,,93.57,70.35,52.42,97.16
S1262,Student_262,Female,18,,46.11,72.99,69.51,98.65
S1263,Student_263,Male,20,,69.33,98.5,82.45,52.4
S1264,Student_264,Female,18,,54.61,78.39,67.38,98.82
S1265,Student_265,Female,22,,45.38,64.19,85.26,53.39
S1266,Student_266,Female,18,,91.75,49.24,50.06,77.57
S1267,Student_267,Male,20,,69.43,42.53,79.76,99.42
S1268,Student_268,Male,18,,80.85,40.55,71.9,66.63
S1269,Student_269,Female,18,,78.05,70.48,56.33,64.82
S1270,Student_270,Male,18,,42.37,97.57,99.85,68.24
S1271,Student_271,Male,17,,49.88,41.13,65.34,67.38
S1272,Student_272,Male,17,,75.23,44.72,68.44,62.6
S1273,Student_273,Female,19,,62.22,70.62,75.27,89.21
S1274,Student_274,Male,20,,94.98,76.57,40.59,72.88
S1275,Student_275,Female,21,,76.76,85.11,53.46,58.19
S1276,Student_276,Male,18,,45.97,80.86,83.07,54.78
S1277,Student_277,Female,20,,43.33,93.15,86.11,79.67
S1278,Student_278,Male,22,,46.49,45.49,71.37,87.4
S1279,Student_279,Female,19,,88.5,96.33,80.67,62.42
S1280,Student_280,Female,21,,85.07,78.17,74.46,69.97
S1281,Student_281,Male,18,,45.2,83.86,65.24,63.48
S1282,Student_282,Male,21,,50.85,41.81,59.29,75.5
S1283,Student_283,Female,19,,85.07,89.69,70.3,63.71
S1284,Student_284,Male,18,,41.54,87.68,64.32,69.49
S1285,Student_285,Male,20,,89.01,87.65,91.71,85.13
S1286,Student_286,Female,17,,87.84,93.77,48.88,93.01
S1287,Student_287,Female,18,,48.62,77.86,50.37,99.04
S1288,Student_288,Female,22,,73.21,74.46,45.31,71.41
S1289,Student_289,Male,18,,83.98,48.48,77.4,99.4
S1290,Student_290,Male,22,,95.86,76.77,75.7,55.35
S1291,Student_291,Male,21,,71.25,56.15,52.43,69.52
S1292,Student_292,Female,18,,60.47,44.02,96.88,55.29
S1293,Student_293,Male,17,,68.77,88.83,81.28,82.01
S1294,Student_294,Female,17,,60.17,52.7,81.39,57.94
S1295,Student_295,Female,22,,88.9,94.83,56.97,91.21
S1296,Student_296,Male,19,,42.49,75.36,44.89,65.85
S1297,Student_297,Male,18,,41.22,84.08,90.01,73.78
S1298,Student_298,Female,20,,95.77,43.55,61.2,67.04
S1299,Student_299,Male,21,,81.93,81.32,66.99,99.32
S1300,Student_300,Male,20,,97.51,95.62,72.21,60.14
S1301,Student_301,Female,20,,61.7,88.02,57.73,77.75
S1302,Student_302,Female,22,,69.28,53.3,71.49,53.11
S1303,Student_303,Female,21,,42.16,55.54,90.55,57.86
S1304,Student_304,Male,18,,68.42,72.39,60.76,55.91
S1305,Student_305,Male,17,,49.49,62.67,51.6,61.2
S1306,Student_306,Male,18,,54.66,82.52,55.9,92.24
S1307,Student_307,Male,21,,46.42,87.13,79.23,74.07
S1308,Student_308,Male,18,,68.73,55.21,42,84.38
S1309,Student_309,Male,21,,74.46,63.07,94.99,70.62
S1310,Student_310,Female,18,,85.55,62.16,86.5,91.46
S1311,Student_311,Male,19,,61.28,90.87,85.49,54.27
S1312,Student_312,Female,21,,79.01,47.64,90.1,99.74
S1313,Student_313,Male,19,,98.3,81.77,41.32,75.47
S1314,Student_314,Male,22,,97.94,66.17,82.84,79.13
S1315,Student_315,Male,17,,92.14,65.76,90.8,81.7
S1316,Student_316,Female,17,,81.32,63.93,47.39,84.79
S1317,Student_317,Female,19,,53.04,88.66,85.65,83.58
S1318,Student_318,Male,19,,89.56,42.74,68,54.14
S1319,Student_319,Female,19,,53.17,74.94,59.26,92.42
S1320,Student_320,Female,18,,61.72,62.19,41.6,50.84
S1321,Student_321,Female,20,,64.52,42.92,72.17,79.66
S1322,Student_322,Male,22,,64.7,84.25,85.5,62.23
S1323,Student_323,Male,18,,91.71,75.51,68.49,50.98
S1324,Student_324,Female,20,,72.58,78.31,51.47,55.09
S1325,Student_325,Male,22,,89.24,94.3,87.46,75.64
S1326,Student_326,Male,20,,91,49.77,56.15,69.06
S1327,Student_327,Female,21,,83.7,65.79,57.77,64.62
S1328,Student_328,Male,22,,76.27,81.99,91.34,53.9
S1329,Student_329,Female,22,,74.53,64.71,64.35,89.91
S1330,Student_330,Male,17,,77.12,78.35,74.82,91.86
S1331,Student_331,Male,22,,58.08,47.01,65.97,99.73
S1332,Student_332,Male,18,,90.7,71.92,51.14,56.55
S1333,Student_333,Male,21,,87.93,55.22,56.61,54.02
S1334,Student_334,Male,20,,43.18,87.24,93.9,73.07
S1335,Student_335,Male,22,,46.35,95.42,98.88,57.82
S1336,Student_336,Male,21,,77.88,88.04,50.56,99.15
S1337,Student_337,Male,22,,64.58,91.53,94.53,81.69
S1338,Student_338,Female,19,,60.15,99.57,82.67,50.56
S1339,Student_339,Male,18,,99.9,75.24,89.56,83.82
S1340,Student_340,Female,22,,57.14,47.91,64.22,95.51
S1341,Student_341,Female,22,,76.08,77.38,45.71,78.59
S1342,Student_342,Male,20,,87.09,52.78,70.1,62.6
S1343,Student_343,Female,21,,40.49,80.84,90.56,59.94
S1344,Student_344,Female,19,,99.94,50.12,49.66,73.19
S1345,Student_345,Female,19,,46.23,63.04,67.5,77.62
S1346,Student_346,Male,20,,80.35,49.31,65,70.81
S1347,Student_347,Female,19,,99.44,81.23,66.64,90.66
S1348,Student_348,Male,20,,77.95,48.55,88.39,80.99
S1349,Student_349,Male,21,,97.24,45.94,93.64,97.36
S1350,Student_350,Male,20,,72.75,73.3,53.73,99.83
S1351,Student_351,Female,19,,75.86,55.1,72.51,55.93
S1352,Student_352,Female,17,,82.35,50.06,71.64,89.39
S1353,Student_353,Female,21,,55.56,78.48,50.55,69.99
S1354,Student_354,Male,22,,83.1,48.74,46.4,88.88
S1355,Student_355,Male,22,,40.4,91.63,40.43,51.17
S1356,Student_356,Male,20,,72.59,51.9,97.04,56.34
S1357,Student_357,Female,18,,89.28,49.58,49.7,99.83
S1358,Student_358,Male,21,,44.89,43.55,61.2,98.98
S1359,Student_359,Female,21,,40.77,83.63,48,68.72
S1360,Student_360,Female,17,,57.71,43.93,50.89,83.2
S1361,Student_361,Male,21,,51.35,83.55,79.72,63.1
S1362,Student_362,Male,22,,55.25,53.68,56.87,65.33
S1363,Student_363,Female,21,,85.41,63.36,63.21,99.25
S1364,Student_364,Male,21,,77.95,99.89,80,65.58
S1365,Student_365,Female,18,,74.58,92.56,49.79,65.89
S1366,Student_366,Female,19,,83.37,76.22,68.64,65.6
S1367,Student_367,Female,17,,84,65.44,54.56,82.84
S1368,Student_368,Female,17,,88.66,97.69,86.92,90.1
S1369,Student_369,Male,20,,76.03,97.67,49.82,77.9
S1370,Student_370,Female,20,,95.78,88.71,41.79,95.09
S1371,Student_371,Male,17,,59.71,44.2,83.22,95.22
S1372,Student_372,Male,21,,48.43,97.3,73.04,80.61
S1373,Student_373,Female,22,,57.26,82.64,44.96,61.9
S1374,Student_374,Female,22,,66.84,45.68,43.37,86.38
S1375,Student_375,Male,20,,49.21,85.05,48.94,93.19
S1376,Student_376,Female,22,,94.67,91.41,96.73,72.12
S1377,Student_377,Male,22,,82.28,94.12,52.84,63.19
S1378,Student_378,Female,17,,88.06,76.82,47.55,93.22
S1379,Student_379,Female,20,,97.37,51.23,98.94,66.02
S1380,Student_380,Male,18,,75.68,80.98,65.88,96.97
S1381,Student_381,Female,20,,87.81,98.52,54.56,69.85
S1382,Student_382,Female,21,,45.62,45.92,92.69,71.16
S1383,Student_383,Female,21,,90.38,96.68,48.82,79.16
S1384,Student_384,Male,22,,52.63,69.28,69.67,78.2
S1385,Student_385,Male,17,,93.98,68.6,86.95,71.04
S1386,Student_386,Male,22,,77.21,54.64,88.2,73.24
S1387,Student_387,Male,19,,73.55,65.3,46.8,73.41
S1388,Student_388,Male,21,,98.43,56.78,41.33,97.89
S1389,Student_389,Male,17,,86.26,43.79,94.99,85.5
S1390,Student_390,Female,19,,97.53,66.77,44.23,74.39
S1391,Student_391,Male,19,,92.68,73.07,95.3,52.33
S1392,Student_392,Female,19,,94.39,61.13,57.94,83.95
S1393,Student_393,Female,20,,88.33,51.54,40.96,60.88
S1394,Student_394,Female,18,,81.75,60.08,54.75,74.04
S1395,Student_395,Female,17,,68.16,79.81,95.23,50.88
S1396,Student_396,Female,17,,90.28,82.27,79.21,73.06
S1397,Student_397,Male,19,,81.32,40.06,40.61,68.42
S1398,Student_398,Male,20,,73.63,63.78,44.91,82.55
S1399,Student_399,Female,20,,60.61,80.11,55.55,51.78
S1400,Student_400,Female,17,,84.27,99.6,95.56,98.69
S1401,Student_401,Female,20,,50.41,85.5,94.82,59.45
S1402,Student_402,Female,19,,42.74,67.39,46.04,83.43
S1403,Student_403,Female,22,,84.49,54.19,54.66,57.63
S1404,Student_404,Female,20,,71.57,76.35,75.41,53.04
S1405,Student_405,Female,17,,78.56,68.16,84.76,64.26
S1406,Student_406,Male,21,,75.06,48.38,60.71,94.75
S1407,Student_407,Female,20,,80.42,44.24,55.54,59.66
S1408,Student_408,Female,19,,41.77,58.85,40.55,97.1
S1409,Student_409,Female,19,,74.88,90.64,75.79,61.21
S1410,Student_410,Male,21,,51.42,99.06,47.24,50.91
S1411,Student_411,Male,19,,80.2,46.57,50.95,83.33
S1412,Student_412,Male,17,,72.05,51.17,90.27,78.61
S1413,Student_413,Female,18,,82.93,75.95,90.05,85.15
S1414,Student_414,Male,17,,89.94,63.67,69.64,87.45
S1415,Student_415,Male,20,,73.76,74.14,60.42,52.18
S1416,Student_416,Female,17,,88.07,63.94,48.77,62.88
S1417,Student_417,Female,19,,59.92,92.25,55.99,73.98
S1418,Student_418,Female,19,,78.11,95.66,47.41,58.75
S1419,Student_419,Female,22,,97.65,72.82,42.56,62.18
S1420,Student_420,Male,17,,55.44,89.74,64.71,68.61
S1421,Student_421,Male,19,,79.28,40.3,76.35,87.19
S1422,Student_422,Female,22,,68.54,56.96,48.29,77.45
S1423,Student_423,Female,22,,91.78,45.37,78.74,75.04
S1424,Student_424,Female,21,,93.28,70.38,45.65,67.47
S1425,Student_425,Male,22,,96.39,92.85,65.64,81.21
S1426,Student_426,Female,21,,62.63,98.93,68.47,80.65
S1427,Student_427,Female,21,,63.01,57.26,49.66,76
S1428,Student_428,Female,18,,52.7,84.13,51.53,53.66
S1429,Student_429,Male,21,,91.3,86.49,88.82,84.73
S1430,Student_430,Female,18,,40.26,49.77,96.23,60.38
S1431,Student_431,Male,22,,48.55,67.14,43.45,76.67
S1432,Student_432,Female,20,,56.67,64.67,68.02,87.18
S1433,Student_433,Male,18,,40.67,81.62,90.74,56.46
S1434,Student_434,Male,21,,68.7,72.03,64.27,65.83
S1435,Student_435,Male,18,,85.62,45.08,64.58,57.84
S1436,Student_436,Female,20,,81.68,90.27,77.28,77.39
S1437,Student_437,Female,17,,76.66,78.89,73.47,75.15
S1438,Student_438,Female,21,,76.67,57.99,57.07,67.03
S1439,Student_439,Male,17,,60.15,64.51,52.69,53.42
S1440,Student_440,Female,17,,98.66,96.09,67.84,66.68
S1441,Student_441,Male,18,,75.68,52.87,89.16,81.71
S1442,Student_442,Male,17,,42.94,88.57,81.67,73.29
S1443,Student_443,Female,17,,95.76,84.25,93.19,93.98
S1444,Student_444,Male,22,,72.81,81.7,78.69,55.26
S1445,Student_445,Female,17,,84.38,75.94,80.94,71.9
S1446,Student_446,Female,20,,85.25,91.92,41.07,86.58
S1447,Student_447,Female,18,,98.69,75.15,76.22,90.91
S1448,Student_448,Male,20,,79.31,45.28,51.6,56.89
S1449,Student_449,Female,17,,41.54,75.07,57.65,92.49
S1450,Student_450,Female,19,,64.68,80.64,87.61,99.83
S1451,Student_451,Female,17,,43.83,47.29,79.76,85.43
S1452,Student_452,Female,17,,74.68,66.47,79.93,72.31
S1453,Student_453,Female,22,,56.09,81.2,80.02,85.13
S1454,Student_454,Male,18,,62.66,98.98,54.74,92.97
S1455,Student_455,Male,18,,88.48,42.97,89.37,93.47
S1456,Student_456,Female,19,,44.05,71.63,65.58,63.72
S1457,Student_457,Male,17,,64.51,87.31,95.22,88.72
S1458,Student_458,Male,21,,72.25,96.23,95.97,77.46
S1459,Student_459,Male,21,,53.61,83.29,71.78,64.48
S1460,Student_460,Male,18,,77.36,62.08,76.49,63.65
S1461,Student_461,Female,22,,65.02,98.45,53.65,64.99
S1462,Student_462,Male,19,,55.74,46.15,93.34,92.15
S1463,Student_463,Female,21,,76.02,60.64,97.32,86.58
S1464,Student_464,Female,17,,40.22,49.3,94.16,98.84
S1465,Student_465,Male,22,,95.84,62.41,60.72,93.93
S1466,Student_466,Male,21,,95.26,86.88,52.67,74.35
S1467,Student_467,Male,21,,44.18,71.76,98.21,52.13
S1468,Student_468,Female,20,,83.36,75.02,78.34,62.15
S1469,Student_469,Male,17,,48.39,60.34,71.95,68.67
S1470,Student_470,Male,18,,68.35,95.79,75.49,65.61
S1471,Student_471,Male,18,,45.86,62.45,63.15,70.1
S1472,Student_472,Male,22,,44.68,90,68.24,64.82
S1473,Student_473,Male,22,,82.41,70.6,90.84,83.37
S1474,Student_474,Male,17,,46.51,79.2,97.14,96.86
S1475,Student_475,Female,19,,42.14,86.44,66.28,58.45
S1476,Student_476,Female,21,,88.03,66.61,43.68,96.12
S1477,Student_477,Male,20,,79.95,94.62,75.56,99.19
S1478,Student_478,Female,20,,99.08,87.57,72.22,70.57
S1479,Student_479,Male,19,,76.35,72.98,80.16,58.45
S1480,Student_480,Male,18,,57.3,56.7,49.19,53.4
S1481,Student_481,Female,18,,54.68,95.71,47.53,98.66
S1482,Student_482,Male,18,,48.77,81.51,86.83,87.78
S1483,Student_483,Male,18,,73.24,67.97,85.7,75.88
S1484,Student_484,Female,20,,68.49,51.31,64.61,95.24
S1485,Student_485,Female,18,,90.19,65.82,91.43,76.03
S1486,Student_486,Female,18,,65.76,73.09,92.31,91.89
S1487,Student_487,Female,20,,40.54,54.97,41.08,57.38
S1488,Student_488,Male,17,,90.98,57.61,63.8,93.78
S1489,Student_489,Male,20,,76.76,44.74,92.29,94.59
S1490,Student_490,Female,17,,69.18,81.79,67.61,89.64
S1491,Student_491,Male,18,,64.04,84.58,52.68,85.58
S1492,Student_492,Female,17,,76.01,85.79,92.93,77.89
S1493,Student_493,Male,19,,64.4,62.33,86.06,52.83
S1494,Student_494,Female,19,,70.26,77.39,56.42,64.62
S1495,Student_495,Female,20,,78.4,93.25,88.44,75.35
S1496,Student_496,Female,18,,69.42,60.7,94.33,50.16
S1497,Student_497,Male,22,,83.1,47.72,55.3,64.8
S1498,Student_498,Female,19,,71.7,73.56,84.76,93.31
S1499,Student_499,Male,18,,68.55,63.58,64.6,86.85
S1500,Student_500,Female,17,,66.67,71.14,98.81,60.55
S1501,Student_501,Male,17,,80,90.69,73.72,50.38
S1502,Student_502,Female,22,,40.08,63.87,62.47,89.13
S1503,Student_503,Male,17,,44.97,67.63,64.13,57
S1504,Student_504,Female,18,,88.49,80.53,98.25,50.84
S1505,Student_505,Female,22,,82.69,89.36,92.64,68.81
S1506,Student_506,Male,19,,55.11,45.36,67.69,94.52
S1507,Student_507,Male,20,,87.27,56.89,97.79,84.58
S1508,Student_508,Male,22,,96.6,48.85,81.31,80
S1509,Student_509,Female,19,,48.5,67.67,48.16,74.77
S1510,Student_510,Female,17,,42.73,56.13,95.12,69.59
S1511,Student_511,Female,20,,47.62,73.17,44.15,96.9
S1512,Student_512,Female,20,,57.26,46.04,50.07,56.49
S1513,Student_513,Male,19,,63.42,64.81,93.95,59.28
S1514,Student_514,Female,19,,45.26,61.22,86.26,68.49
S1515,Student_515,Female,20,,61.47,67.1,75.98,79.44
S1516,Student_516,Male,19,,90.96,62.26,54.89,62.66
S1517,Student_517,Male,19,,94.34,88,90.77,98.79
S1518,Student_518,Male,18,,68.16,44.55,56.59,85.38
S1519,Student_519,Female,18,,75.44,46.83,41.6,75.75
S1520,Student_520,Female,17,,48.07,50.73,40.97,65.04
S1521,Student_521,Female,21,,62.89,94.91,64.53,53.85
S1522,Student_522,Male,19,,46.49,90.77,45.24,62.33
S1523,Student_523,Male,21,,97.15,53.21,52.81,53.99
S1524,Student_524,Male,21,,96.1,68.87,78.83,71.38
S1525,Student_525,Female,22,,42.82,73.36,83.9,95.09
S1526,Student_526,Female,18,,88.74,92.47,93.99,64.89
S1527,Student_527,Male,20,,89.18,44.48,60.78,79.78
S1528,Student_528,Male,21,,42.41,71,73.91,85.04
S1529,Student_529,Female,18,,99.22,79.64,77.77,95.78
S1530,Student_530,Male,21,,66.47,96.13,85.29,62.97
S1531,Student_531,Female,21,,83.61,69.25,97.61,61.38
S1532,Student_532,Female,19,,47.51,52.48,50.92,83.09
S1533,Student_533,Female,19,,84.09,96.56,62.32,90.86
S1534,Student_534,Female,17,,82.65,71.35,56.25,87.24
S1535,Student_535,Female,20,,56.86,44.8,79.35,82.19
S1536,Student_536,Male,21,,56.55,78.22,61.76,97.23
S1537,Student_537,Female,22,,97.21,61.03,80.92,68.39
S1538,Student_538,Female,21,,51.37,74.27,73.36,52.65
S1539,Student_539,Male,18,,70.29,44.58,55.15,95.95
S1540,Student_540,Female,18,,44.98,45.47,95.53,62.6
S1541,Student_541,Male,18,,93.64,91.56,56.18,94.82
S1542,Student_542,Male,22,,54.77,82.15,77.84,68.45
S1543,Student_543,Male,18,,51.77,72.31,77.82,79.77
S1544,Student_544,Female,19,,46.27,98.14,92.64,73.54
S1545,Student_545,Female,20,,77.55,50.79,89.37,72.28
S1546,Student_546,Male,19,,71.49,94.31,59.83,92.43
S1547,Student_547,Male,18,,77.61,98.39,55.61,77.52
S1548,Student_548,Male,17,,62.65,97.27,44.86,95.15
S1549,Student_549,Male,21,,77.4,77.78,59.95,71.94
S1550,Student_550,Female,20,,59.37,73.56,98.85,78.34
S1551,Student_551,Female,18,,60.53,59.22,56.41,57.2
S1552,Student_552,Male,19,,61.91,76.75,88.86,90.89
S1553,Student_553,Female,18,,98.43,69.48,41.72,94.74
S1554,Student_554,Female,22,,43.19,88.73,43.41,90.02
S1555,Student_555,Female,19,,92.61,72.61,64.31,78.91
S1556,Student_556,Female,18,,56,62.98,70.54,87.56
S1557,Student_557,Female,22,,74.37,57.78,48.09,82.64
S1558,Student_558,Female,20,,47.16,65.04,63.46,82.78
S1559,Student_559,Female,21,,85.66,63.84,81.99,72.23
S1560,Student_560,Female,20,,63.65,50.06,64.49,92.31
S1561,Student_561,Male,19,,98.33,81.96,76.52,54.66
S1562,Student_562,Female,17,,62.59,66.97,66.47,55.23
S1563,Student_563,Male,22,,41.32,57.66,69.36,78.57
S1564,Student_564,Female,18,,76.66,99.67,99.41,79.15
S1565,Student_565,Female,18,,42.21,98.32,82.84,51.09
S1566,Student_566,Male,22,,41.67,58.09,84.05,99.06
S1567,Student_567,Female,19,,78.25,50.76,91.45,73.69
S1568,Student_568,Female,18,,80.2,99.63,77.96,56.01
S1569,Student_569,Female,18,,50.61,74.38,63.41,78.52
S1570,Student_570,Female,20,,61.59,83.79,69.5,58.58
S1571,Student_571,Male,17,,73,59.82,55.58,78.23
S1572,Student_572,Male,21,,72.36,74.98,69.34,74.22
S1573,Student_573,Female,17,,46.34,53.32,48.8,52.76
S1574,Student_574,Female,19,,55.47,75.7,77.58,90.99
S1575,Student_575,Male,22,,63.59,77.57,80.06,76.58
S1576,Student_576,Male,21,,75.64,91.7,41.73,79.71
S1577,Student_577,Female,17,,72.72,86.99,43.61,67.01
S1578,Student_578,Female,21,,51.57,97.51,76.45,79.45
S1579,Student_579,Female,21,,92.62,60.47,65.97,72.11
S1580,Student_580,Male,17,,42.48,96.69,73.56,80.65
S1581,Student_581,Female,21,,49.16,63.72,55.5,90.45
S1582,Student_582,Female,19,,47.58,98.76,84.38,75.27
S1583,Student_583,Male,17,,79.73,46.84,78.74,77.75
S1584,Student_584,Female,20,,45,82.91,54.76,51.92
S1585,Student_585,Female,22,,87.28,97.31,91.32,83.33
S1586,Student_586,Male,17,,99.24,88.73,77.9,94.17
S1587,Student_587,Male,22,,63.37,52.09,78.93,73.02
S1588,Student_588,Female,18,,40.47,65.68,79.43,99.73
S1589,Student_589,Male,18,,69.39,76.47,95.75,88.08
S1590,Student_590,Female,18,,96.36,83.05,45.18,80.31
S1591,Student_591,Male,22,,48.31,98.15,96.37,53.5
S1592,Student_592,Male,22,,81.39,73.52,80.3,57.77
S1593,Student_593,Female,19,,81.44,53.29,75.23,79
S1594,Student_594,Male,17,,42.79,47.82,43.72,58.29
S1595,Student_595,Female,22,,47.01,68.85,89.16,65.31
S1596,Student_596,Male,22,,57.58,86.49,96.49,59.68
S1597,Student_597,Male,18,,46.03,51.22,87.33,74.89
S1598,Student_598,Male,18,,89.47,51.37,95.04,68.22
S1599,Student_599,Female,21,,73.57,84.84,96.35,90.43
S1600,Student_600,Female,18,,53.66,58.7,81.44,72.47
S1601,Student_601,Female,19,,96.32,67.7,96.72,69.81
S1602,Student_602,Male,18,,56.41,80.43,85.6,76.6
S1603,Student_603,Female,17,,63.71,71.98,79.6,88.21
S1604,Student_604,Female,18,,95.36,55.15,64.96,52.23
S1605,Student_605,Male,18,,43.89,96.02,96.13,88.36
S1606,Student_606,Male,21,,57.83,68.12,49.67,51.01
S1607,Student_607,Male,19,,53.9,84.61,68.99,64.44
S1608,Student_608,Female,21,,55.78,52.03,59.42,86.36
S1609,Student_609,Female,17,,54.47,47.43,64.21,85.9
S1610,Student_610,Female,17,,62.5,56.35,60.29,78.82
S1611,Student_611,Female,21,,47.76,65.73,96.29,64.31
S1612,Student_612,Female,19,,51.87,73.38,94.69,93.49
S1613,Student_613,Female,18,,68.69,86.61,92.04,63.35
S1614,Student_614,Female,17,,75.29,92.67,70.86,99.88
S1615,Student_615,Male,21,,67.25,70.38,90.58,69.54
S1616,Student_616,Female,22,,83.33,51.01,86.62,84.19
S1617,Student_617,Female,22,,90.09,53.39,64.35,64.56
S1618,Student_618,Female,18,,75.71,82.48,88.97,53.43
S1619,Student_619,Male,19,,52.09,68.95,67.69,94.93
S1620,Student_620,Male,17,,89.19,62.83,51.25,67.48
S1621,Student_621,Male,17,,69.95,90.47,46.57,95.86
S1622,Student_622,Male,18,,40.76,77.53,43.89,98.58
S1623,Student_623,Female,21,,58.64,64.91,69.26,67.84
S1624,Student_624,Female,22,,66.68,98.02,90.93,50.95
S1625,Student_625,Male,20,,91.17,57.17,97.67,89.3
S1626,Student_626,Female,20,,60.7,91.31,87.67,95.27
S1627,Student_627,Female,19,,74.36,93.09,79.28,98.05
S1628,Student_628,Female,20,,52.7,96.6,91.44,68.35
S1629,Student_629,Female,20,,92.87,74.64,89.41,73.01
S1630,Student_630,Male,17,,93.56,83.73,98.99,83.04
S1631,Student_631,Male,18,,89.32,92.49,41.64,58.63
S1632,Student_632,Male,19,,59.61,80.26,63.71,92.9
S1633,Student_633,Female,19,,90.07,47.5,93.81,61.23
S1634,Student_634,Male,21,,98.03,61.5,51.63,98.07
S1635,Student_635,Female,19,,88.56,60.93,59.2,57.54
S1636,Student_636,Female,19,,58.23,45.35,43.42,64.5
S1637,Student_637,Male,20,,71.02,86.77,59.28,52.64
S1638,Student_638,Male,22,,52.12,42.49,64.52,98.42
S1639,Student_639,Male,20,,44.23,65.31,87.98,68.05
S1640,Student_640,Female,17,,52.7,68.01,73.12,67.56
S1641,Student_641,Female,17,,72.49,89.81,61.17,83.36
S1642,Student_642,Female,21,,70.86,66.17,91.61,63.7
S1643,Student_643,Male,17,,64.68,47.01,67.74,91.66
S1644,Student_644,Female,22,,86.42,92.27,64.26,53.79
S1645,Student_645,Male,21,,47.01,79.33,53.33,77.01
S1646,Student_646,Female,19,,51.01,64.13,65.74,97.84
S1647,Student_647,Male,19,,95.16,64.72,61.86,95.6
S1648,Student_648,Female,19,,83.25,43.24,60.78,99.96
S1649,Student_649,Male,19,,59.91,62.52,88.23,58.53
S1650,Student_650,Female,18,,68.75,91.08,86.66,97.46
S1651,Student_651,Female,22,,92.2,84.88,49.74,86.83
S1652,Student_652,Male,17,,51.1,52.93,91.41,76.16
S1653,Student_653,Male,17,,61.16,93.85,43.64,95.35
S1654,Student_654,Female,19,,64.71,67.84,41.26,70.74
S1655,Student_655,Male,20,,92.54,88.36,76,93.99
S1656,Student_656,Female,18,,81.33,54.97,74.29,57.14
S1657,Student_657,Male,19,,88.59,42.8,49.99,92.2
S1658,Student_658,Male,20,,91.43,62.96,84.23,68.32
S1659,Student_659,Female,17,,97.15,44.74,99.15,90.61
S1660,Student_660,Female,22,,71.67,69.16,92.23,81.18
S1661,Student_661,Female,22,,84.12,80.28,68.48,80.09
S1662,Student_662,Female,22,,40.7,45.47,58.39,94.74
S1663,Student_663,Male,22,,87.79,90.27,87.34,60.39
S1664,Student_664,Female,19,,48.2,53.99,54.08,99.88
S1665,Student_665,Male,17,,99.84,41.53,72.71,79.95
S1666,Student_666,Female,18,,92.14,55.06,67.64,53.87
S1667,Student_667,Female,20,,45.71,97.08,71.33,56.2
S1668,Student_668,Female,21,,50.6,92.33,98.28,59.85
S1669,Student_669,Male,18,,41.5,88.16,60.11,68.78
S1670,Student_670,Male,22,,57.67,50.29,47.67,85.32
S1671,Student_671,Female,22,,43.68,50.69,54.94,57.15
S1672,Student_672,Female,22,,84.88,52.41,91.94,57.82
S1673,Student_673,Female,22,,88.64,95.44,70.99,65.05
S1674,Student_674,Female,22,,97.25,72.77,43.75,83.06
S1675,Student_675,Female,19,,45.77,68.42,87.1,91.48
S1676,Student_676,Female,22,,85.58,64.64,92.74,81.36
S1677,Student_677,Female,17,,82.67,55.61,92.97,85.4
S1678,Student_678,Male,22,,93.92,49.48,48.45,92.98
S1679,Student_679,Male,21,,67.38,87.81,86.24,82.74
S1680,Student_680,Male,18,,64.95,70.95,43.06,71.03
S1681,Student_681,Male,20,,51.37,72.01,84.33,62.85
S1682,Student_682,Male,20,,53.85,92.66,79.05,75.54
S1683,Student_683,Male,18,,73.52,79.51,80.75,71.21
S1684,Student_684,Female,17,,42.51,96.23,85.9,80.05
S1685,Student_685,Female,21,,55.23,77.86,86.19,70.42
S1686,Student_686,Male,22,,58.82,75.19,67.93,66.12
S1687,Student_687,Female,18,,79.16,42.66,93.6,88.23
S1688,Student_688,Male,21,,47.27,69.02,58.79,50.77
S1689,Student_689,Male,17,,46.97,73.77,44.32,89.16
S1690,Student_690,Female,22,,76.65,72.44,83.52,53.61
S1691,Student_691,Female,19,,99.36,60.62,85.76,51.4
S1692,Student_692,Female,21,,84.2,50.58,48.47,80.51
S1693,Student_693,Female,19,,66.4,96.86,40.94,62.56
S1694,Student_694,Female,20,,59.85,73.29,81.31,80.25
S1695,Student_695,Male,19,,59.86,46.87,66.19,58.04
S1696,Student_696,Male,21,,55.22,58.13,86.65,60.14
S1697,Student_697,Male,17,,52.48,69.37,64.94,61.42
S1698,Student_698,Female,22,,99.68,47.24,88.42,79.08
S1699,Student_699,Male,19,,98.6,93.09,84.18,90.34
S1700,Student_700,Female,21,,56.94,91.84,97.86,95.76
S1701,Student_701,Male,21,,68.06,92.37,71.7,56.11
S1702,Student_702,Male,21,,43.44,65.38,63.48,64
S1703,Student_703,Female,17,,54.41,54.95,80.24,66.12
S1704,Student_704,Male,20,,90.51,44.92,81.05,96.85
S1705,Student_705,Female,18,,92.15,88.22,51.95,87.72
S1706,Student_706,Female,18,,82.8,91.54,81.71,57.25
S1707,Student_707,Male,18,,53.6,76.18,64.69,88.55
S1708,Student_708,Female,21,,65.86,94.05,59.24,89.43
S1709,Student_709,Male,17,,54.9,45.67,52.43,87.98
S1710,Student_710,Female,19,,79.55,67.15,52.97,83.4
S1711,Student_711,Male,18,,91.89,96.54,41.27,55.89
S1712,Student_712,Male,19,,88.15,86.26,63.25,59.12
S1713,Student_713,Female,22,,68.24,60.47,58.18,51.36
S1714,Student_714,Female,19,,81.02,59.76,53.13,84.46
S1715,Student_715,Female,21,,58.61,98.22,96.6,87.42
S1716,Student_716,Male,20,,88.52,56.89,87.24,84.85
S1717,Student_717,Male,22,,83.46,46.84,75.09,93.59
S1718,Student_718,Female,22,,41.61,95.77,86.11,91.34
S1719,Student_719,Female,17,,76.71,50.75,70.65,55.68
S1720,Student_720,Female,20,,58.15,91.26,75.54,72.84
S1721,Student_721,Male,22,,69.11,61.72,96.98,90.01
S1722,Student_722,Male,17,,68.7,48.2,98.67,73.49
S1723,Student_723,Female,17,,53.36,81.97,95.62,97.26
S1724,Student_724,Male,20,,41.01,58.65,98.82,97
S1725,Student_725,Male,17,,75.63,47.68,94.32,93.88
S1726,Student_726,Female,22,,66.29,84.45,90.76,52.01
S1727,Student_727,Male,18,,62.59,50.23,87.91,53.07
S1728,Student_728,Male,18,,79.52,56.47,67.2,62.97
S1729,Student_729,Female,17,,94.52,41.02,55.58,53.28
S1730,Student_730,Male,20,,45.07,77.54,86.8,73.51
S1731,Student_731,Female,20,,53.22,85.75,58.33,96.55
S1732,Student_732,Male,18,,44.6,53.5,46.96,92.65
S1733,Student_733,Male,22,,91.21,73.34,68.62,74.48
S1734,Student_734,Female,21,,40.33,86.04,57.62,77.74
S1735,Student_735,Male,17,,55.79,60.37,92.51,60.08
S1736,Student_736,Female,20,,59.15,88.36,82.68,72.12
S1737,Student_737,Male,22,,91.78,62.73,90.84,54.1
S1738,Student_738,Female,17,,72.75,96.9,45.04,85.76
S1739,Student_739,Male,21,,65.36,77.21,70.08,75.66
S1740,Student_740,Male,20,,79.17,94.93,62.55,98.57
S1741,Student_741,Male,22,,99.8,85.8,52.15,84.52
S1742,Student_742,Female,20,,82.16,53.17,77.85,92.57
S1743,Student_743,Male,21,,99.7,43.65,96.6,64.89
S1744,Student_744,Male,22,,54.98,95.34,90.03,66.61
S1745,Student_745,Female,18,,91.11,68.73,97.98,73.51
S1746,Student_746,Female,20,,64.63,97.75,51.85,74.82
S1747,Student_747,Male,19,,98.63,78.17,98.8,50.72
S1748,Student_748,Male,22,,61.92,83.63,98.01,77.94
S1749,Student_749,Male,19,,71.02,55.53,57.51,87.5
S1750,Student_750,Male,22,,86.92,95.21,62.51,85.07
S1751,Student_751,Female,21,,48.45,46.82,71,75.04
S1752,Student_752,Male,21,,48.2,61.36,91.13,92.43
S1753,Student_753,Male,22,,72.3,87.9,52.56,68.87
S1754,Student_754,Male,19,,45.16,97.17,71.37,87.99
S1755,Student_755,Male,21,,94.12,77.12,61.98,82.84
S1756,Student_756,Male,22,,53.18,52.83,69.33,76.22
S1757,Student_757,Male,22,,90.75,63.26,62.75,82.95
S1758,Student_758,Male,20,,68.09,56.24,85.4,85.17
S1759,Student_759,Male,19,,62.24,67.46,54.61,57.79
S1760,Student_760,Female,19,,84.84,81.46,67.34,89.39
S1761,Student_761,Male,18,,59.83,48.78,75.68,63.82
S1762,Student_762,Female,19,,72.67,83.43,66.51,78.4
S1763,Student_763,Female,19,,72.56,84.31,49.25,78.46
S1764,Student_764,Male,18,,71.08,44.63,67.79,97.28
S1765,Student_765,Male,21,,83.89,44.37,94.7,70.31
S1766,Student_766,Female,21,,85.57,98.79,94.83,67.64
S1767,Student_767,Female,17,,44.77,42.08,40.85,62.89
S1768,Student_768,Female,18,,44.28,94.35,46.33,95.01
S1769,Student_769,Female,20,,95.77,67.16,74.1,62.61
S1770,Student_770,Male,19,,67.69,55.25,87,51.82
S1771,Student_771,Male,19,,58.95,88.03,47.8,64.13
S1772,Student_772,Female,22,,45.98,41.7,49.34,89.48
S1773,Student_773,Female,18,,54.02,51.06,90.97,62.4
S1774,Student_774,Male,22,,96.55,50.98,70.28,79.64
S1775,Student_775,Female,19,,91.63,55.88,41.59,59.43
S1776,Student_776,Female,18,,43.91,72.52,46.74,74.68
S1777,Student_777,Male,17,,81.63,55.32,82.12,52.45
S1778,Student_778,Male,18,,73.02,59.92,97.46,81.75
S1779,Student_779,Female,19,,85.26,65.97,66.22,51.16
S1780,Student_780,Male,20,,92.57,76.94,57.13,57.69
S1781,Student_781,Female,20,,71.18,72.89,88.55,91.56
S1782,Student_782,Female,21,,97.75,40.33,49.01,67.17
S1783,Student_783,Male,18,,79.87,52.7,85.31,56.23
S1784,Student_784,Female,22,,79.29,66.07,74.79,84.57
S1785,Student_785,Female,22,,76.06,85.19,65.26,72.26
S1786,Student_786,Female,21,,81.3,94.79,50.9,97.47
S1787,Student_787,Male,17,,98.43,90.87,65.43,80.86
S1788,Student_788,Male,17,,88.93,58.6,86.84,74.37
S1789,Student_789,Female,17,,54.03,89.3,80.5,66.72
S1790,Student_790,Female,21,,55.61,81.96,83.12,68.99
S1791,Student_791,Female,20,,76.63,43.2,66.8,54.15
S1792,Student_792,Male,22,,45.1,93.95,41.35,56.62
S1793,Student_793,Male,22,,49.13,84.38,95.21,80.67
S1794,Student_794,Male,20,,74.7,63.13,71.97,96.44
S1795,Student_795,Female,21,,94.11,65.1,49.1,80.57
S1796,Student_796,Female,17,,72.89,81.85,57.43,71.3
S1797,Student_797,Male,22,,63.71,70.92,47.51,54.92
S1798,Student_798,Male,20,,67.3,71.63,50.05,92.85
S1799,Student_799,Male,22,,76.85,45.95,86.32,50.54
S1800,Student_800,Female,19,,99.57,59.59,46.14,81.61
S1801,Student_801,Male,20,,54.62,80.1,41.55,54.6
S1802,Student_802,Male,21,,57.41,82.05,54.66,92.19
S1803,Student_803,Female,22,,81.6,93.48,61.89,53.13
S1804,Student_804,Male,18,,93.92,50.42,52.31,58.98
S1805,Student_805,Male,22,,49.85,60.55,67.78,83.31
S1806,Student_806,Male,20,,72.55,66.13,88.66,68.76
S1807,Student_807,Male,19,,63.16,54.36,58.28,84.13
S1808,Student_808,Male,18,,87.47,98.18,63.88,97.91
S1809,Student_809,Female,22,,90.85,50.43,66.53,91.31
S1810,Student_810,Male,19,,78.53,78.23,41.16,68.76
S1811,Student_811,Male,17,,94.59,75.31,97.32,57.37
S1812,Student_812,Male,20,,71.98,98.04,93.06,97.84
S1813,Student_813,Male,18,,41.19,96.11,47.24,82.18
S1814,Student_814,Male,22,,79.51,87.98,41.44,87.39
S1815,Student_815,Male,19,,94.87,67.52,61.58,81.56
S1816,Student_816,Male,22,,74.62,65.94,80.08,70.18
S1817,Student_817,Male,17,,99.95,60.53,55.07,53.19
S1818,Student_818,Female,21,,95.85,52.35,58.63,92.17
S1819,Student_819,Female,19,,40.96,52.42,87.17,55.69
S1820,Student_820,Female,19,,91.5,44.09,93.84,51.84
S1821,Student_821,Female,17,,70.31,44.46,45.33,90.91
S1822,Student_822,Female,19,,99.83,79.69,92.16,76.01
S1823,Student_823,Male,21,,50.21,41.26,44.1,89.08
S1824,Student_824,Female,19,,84.81,71.15,92.3,93.73
S1825,Student_825,Female,21,,63.58,89.42,71.51,54.28
S1826,Student_826,Male,20,,57.03,54.43,50.4,94.29
S1827,Student_827,Female,20,,90.96,86.06,65.98,85.34
S1828,Student_828,Male,22,,93.8,42.59,48.16,99.34
S1829,Student_829,Female,22,,82.98,83.04,70.77,85.28
S1830,Student_830,Male,19,,90.9,92.85,97.81,70.02
S1831,Student_831,Male,22,,68.25,62.12,59.54,82.43
S1832,Student_832,Female,19,,51.05,55.24,67.33,70.28
S1833,Student_833,Female,22,,83.69,73.28,42.27,54.04
S1834,Student_834,Male,21,,75.56,80.83,46.52,76.85
S1835,Student_835,Male,18,,87.2,96.25,88.03,62.37
S1836,Student_836,Male,18,,65.48,47.48,87.97,92.89
S1837,Student_837,Female,18,,75.69,53.88,55.57,99.06
S1838,Student_838,Male,18,,66.15,48.59,63.35,62.79
S1839,Student_839,Female,17,,42.31,49.66,89.31,71.78
S1840,Student_840,Female,22,,85.56,44.07,92.56,98.38
S1841,Student_841,Female,18,,83.34,87.81,88.39,50.07
S1842,Student_842,Male,21,,41.12,85.4,91.47,77.88
S1843,Student_843,Male,18,,86.34,83.39,53.9,82.79
S1844,Student_844,Male,21,,68.36,70.89,67.91,82.54
S1845,Student_845,Male,18,,55.75,59.98,80.35,55.69
S1846,Student_846,Female,21,,56.63,49.1,92.44,52.25
S1847,Student_847,Male,22,,72.04,71.53,91.23,59.15
S1848,Student_848,Male,20,,55.15,60.28,65.65,72.25
S1849,Student_849,Female,19,,80.26,43.59,96.92,61.55
S1850,Student_850,Male,19,,71.71,96.3,80.49,96.34
S1851,Student_851,Female,20,,41.89,89.63,52.3,72.37
S1852,Student_852,Female,17,,42.16,48.88,69.92,63.11
S1853,Student_853,Female,22,,66.48,50.49,65.18,53.99
S1854,Student_854,Female,22,,50.9,45.02,55.52,50.84
S1855,Student_855,Male,18,,40.8,67.8,94.93,53.46
S1856,Student_856,Female,19,,40.27,81.09,85.48,88.6
S1857,Student_857,Female,22,,92.4,82.57,56.09,85.96
S1858,Student_858,Female,18,,63.6,45.36,51.43,90.03
S1859,Student_859,Female,17,,88.29,48.86,63.95,76.62
S1860,Student_860,Female,17,,70.89,61.69,94.35,50.58
S1861,Student_861,Male,21,,65.27,90.18,99.95,82.79
S1862,Student_862,Female,20,,40.37,58.33,58.77,82.94
S1863,Student_863,Male,19,,87.25,61.25,62.67,83.27
S1864,Student_864,Male,20,,94.64,50.94,90.07,68.53
S1865,Student_865,Male,22,,84.23,51.9,58.57,81.39
S1866,Student_866,Male,18,,73.87,41,70.26,52.99
S1867,Student_867,Female,19,,56.14,65.59,99.86,85.03
S1868,Student_868,Male,18,,73.31,50.74,95.81,64.17
S1869,Student_869,Male,22,,96.49,62.23,88.3,82.23
S1870,Student_870,Male,20,,62.34,52.69,67.93,65.18
S1871,Student_871,Female,19,,87.2,54.72,54.15,67.21
S1872,Student_872,Female,20,,40.39,92.47,62.21,56.22
S1873,Student_873,Male,19,,43.6,89.53,61.92,74.42
S1874,Student_874,Female,18,,67.36,67.41,41.21,58.87
S1875,Student_875,Male,19,,88.25,76.14,44.63,83.01
S1876,Student_876,Female,21,,78.72,77.09,99.1,69.43
S1877,Student_877,Male,20,,79.71,98.96,61.17,90.09
S1878,Student_878,Female,22,,72.33,53.34,65.88,93.92
S1879,Student_879,Female,17,,71.5,60.12,84.37,97.91
S1880,Student_880,Male,20,,41.38,99.12,97.25,79.94
S1881,Student_881,Male,20,,40.13,74.87,69.45,52.16
S1882,Student_882,Male,20,,60.79,53.63,90.3,53.99
S1883,Student_883,Female,17,,75.8,93.94,72.45,81.14
S1884,Student_884,Male,18,,69.84,55.34,50.31,84.19
S1885,Student_885,Male,19,,62.58,55.96,95.67,94.57
S1886,Student_886,Female,20,,92.49,75.1,46.38,55.92
S1887,Student_887,Female,18,,54.04,92.53,94.77,58.23
S1888,Student_888,Female,20,,87.45,67.09,45.82,64.65
S1889,Student_889,Male,17,,75.08,44.14,76.15,85.4
S1890,Student_890,Female,22,,71.14,50.34,86.58,68.09
S1891,Student_891,Female,17,,95.69,80.93,96.27,76.38
S1892,Student_892,Female,17,,93.9,54.2,86.6,67.92
S1893,Student_893,Female,17,,79.98,72.13,88.35,73.93
S1894,Student_894,Female,17,,75.47,71.96,81.35,84.03
S1895,Student_895,Female,19,,59.37,83.11,41.53,73.7
S1896,Student_896,Female,20,,81.38,67.66,74.94,51.85
S1897,Student_897,Male,20,,87.73,77.79,60.05,83.52
S1898,Student_898,Female,20,,50.51,85.65,79.47,61.25
S1899,Student_899,Female,18,,91.3,85.96,68.56,87.09
S1900,Student_900,Female,17,,50.5,49.9,69.62,82.43
S1901,Student_901,Female,18,,81.35,68.97,68.47,82.62
S1902,Student_902,Female,21,,49.63,65.53,68.34,85.68
S1903,Student_903,Male,17,,50.28,47.64,45.11,82.69
S1904,Student_904,Male,19,,44.63,40.68,84.69,88.73
S1905,Student_905,Female,22,,53.65,51.92,94.92,89.71
S1906,Student_906,Female,20,,93.26,58.61,68.8,61.92
S1907,Student_907,Female,18,,88.48,75.94,93.65,85.84
S1908,Student_908,Female,20,,54.87,56.2,93.25,60.6
S1909,Student_909,Female,20,,85.95,70.55,82.78,97.13
S1910,Student_910,Male,21,,63.44,94.37,77.64,90.89
S1911,Student_911,Female,20,,45.58,83.33,58.29,78.39
S1912,Student_912,Male,20,,96.58,64.38,58.63,95.45
S1913,Student_913,Male,17,,90.33,93.33,69,75.57
S1914,Student_914,Male,21,,53.6,92.75,55.55,62.05
S1915,Student_915,Female,19,,85.2,55.29,51.08,87.77
S1916,Student_916,Male,18,,82.22,98.36,47.1,70.34
S1917,Student_917,Male,21,,90.36,84.06,58.46,53.09
S1918,Student_918,Female,20,,50.18,93.74,98.08,85.26
S1919,Student_919,Male,22,,41.7,74.91,97.31,61.98
S1920,Student_920,Female,21,,98.85,42.01,62.54,90.47
S1921,Student_921,Female,20,,65.07,43.38,65.27,62.71
S1922,Student_922,Male,17,,94.49,87.68,57.88,86.72
S1923,Student_923,Female,21,,47.09,74.3,67.86,50.04
S1924,Student_924,Male,17,,84.05,52.04,44.33,91.56
S1925,Student_925,Female,21,,68.75,99.11,77,79.07
S1926,Student_926,Male,20,,92.27,88.25,81.82,97.5
S1927,Student_927,Male,18,,75.37,95.41,99.73,86.99
S1928,Student_928,Female,17,,86.09,74.88,90.66,78.59
S1929,Student_929,Female,21,,97.26,93.06,97.77,72.01
S1930,Student_930,Female,19,,70.77,80.55,65.19,69.97
S1931,Student_931,Female,18,,76.37,52.79,74.47,57.6
S1932,Student_932,Female,17,,48.35,55.1,61.98,67.53
S1933,Student_933,Female,18,,72.32,58.98,82.67,75.56
S1934,Student_934,Female,21,,46.08,92.29,78.27,94.93
S1935,Student_935,Female,22,,79.19,70.26,85.96,88.57
S1936,Student_936,Male,18,,91.43,67.94,68.64,76.02
S1937,Student_937,Female,22,,90.56,91.17,98.49,55.2
S1938,Student_938,Female,18,,81.56,72.3,52.92,52.9
S1939,Student_939,Female,19,,60.15,60.72,65.47,73.55
S1940,Student_940,Male,21,,62.07,84.36,76.71,53.21
S1941,Student_941,Male,21,,86.2,51.45,41.27,75.86
S1942,Student_942,Male,20,,77.71,73.85,90.27,83.61
S1943,Student_943,Female,22,,70.15,41.66,77.95,81.11
S1944,Student_944,Male,22,,77.74,62.41,89.44,71.91
S1945,Student_945,Female,22,,94.6,79.67,94.51,87.69
S1946,Student_946,Male,20,,99.3,87.38,57.38,69.93
S1947,Student_947,Female,21,,55.16,87.29,44.63,95.93
S1948,Student_948,Female,21,,59.37,40.71,75.63,76.1
S1949,Student_949,Male,18,,81.39,68.27,56,78.43
S1950,Student_950,Female,17,,52.6,71.29,48.72,67.59
S1951,Student_951,Female,20,,73.44,73.57,63.2,85.58
S1952,Student_952,Female,17,,48.02,63.57,43.47,55.76
S1953,Student_953,Male,18,,42.4,47.38,54.19,76.1
S1954,Student_954,Male,21,,74.19,62.16,70.65,86.29
S1955,Student_955,Female,18,,53.8,54.44,65.52,64.63
S1956,Student_956,Male,22,,89.79,47.81,65.33,98.65
S1957,Student_957,Male,17,,89.78,70.91,79.76,96.53
S1958,Student_958,Male,17,,50.64,51.75,49.59,63.78
S1959,Student_959,Male,21,,84.16,44.46,57.9,93.79
S1960,Student_960,Female,22,,57.58,97.56,42.7,88.33
S1961,Student_961,Male,17,,41.11,68.31,41.81,74.57
S1962,Student_962,Male,22,,49.07,90.51,66.09,91.18
S1963,Student_963,Female,20,,59.01,70.2,93.06,76.07
S1964,Student_964,Female,19,,66.79,41.63,58.29,57.8
S1965,Student_965,Male,19,,75.29,64.31,79.71,67.24
S1966,Student_966,Male,22,,47.62,82.6,64.16,90.95
S1967,Student_967,Male,22,,95.21,67.83,83.76,73.52
S1968,Student_968,Male,19,,66.09,64.25,98.55,83.45
S1969,Student_969,Male,21,,85.91,50.55,96.82,72.12
S1970,Student_970,Male,22,,42.03,91.19,76.49,56.69
S1971,Student_971,Male,18,,93.79,97.36,66.77,96.95
S1972,Student_972,Male,21,,92.11,91.02,81.22,81.75
S1973,Student_973,Male,18,,64.06,71.3,66.97,63.74
S1974,Student_974,Male,20,,68.6,62.58,73,98.46
S1975,Student_975,Male,20,,91.7,65.84,47.44,76.81
S1976,Student_976,Male,20,,81.35,95.95,65.23,70.26
S1977,Student_977,Male,17,,58.19,71.66,69.7,82.72
S1978,Student_978,Male,20,,60.16,98.59,64.2,77.82
S1979,Student_979,Female,19,,65.05,69.7,46.2,92.85
S1980,Student_980,Female,20,,86.15,46.81,49.78,68.74
S1981,Student_981,Female,19,,58.33,91.47,56.67,50.22
S1982,Student_982,Female,17,,97.42,93.9,91.99,65.45
S1983,Student_983,Male,19,,87.4,59.45,75.22,85.47
S1984,Student_984,Male,17,,90.85,65.48,77.97,90.62
S1985,Student_985,Female,19,,94.56,49.85,41.88,58.63
S1986,Student_986,Male,17,,79.52,61.66,67.83,72.71
S1987,Student_987,Male,19,,54.06,41.11,97.97,51.82
S1988,Student_988,Female,21,,90.03,96.19,97.91,89.67
S1989,Student_989,Female,20,,61.84,81.36,83.2,56.33
S1990,Student_990,Female,18,,66.32,41.36,97.84,80.98
S1991,Student_991,Male,21,,48.04,70.21,56.38,79.58
S1992,Student_992,Male,22,,56.23,75.87,97.7,95.96
S1993,Student_993,Male,21,,96.67,54.56,64.19,52.18
S1994,Student_994,Male,19,,42.39,57.36,55.3,98.13
S1995,Student_995,Male,22,,68.16,43.77,82.17,93.64
S1996,Student_996,Female,19,,73.33,85.46,42.62,99.87
S1997,Student_997,Female,22,,99.18,43.29,70.49,63.58
S1998,Student_998,Male,19,,47.25,52.41,41.25,65.85
S1999,Student_999,Male,18,,93,58.97,50.37,58.97
